method,micro_precision,micro_recall,micro_f1
few_shot,0.6966773847802786,0.9393063583815029,0.8
one_shot,0.6823406478578893,0.9436416184971098,0.7919951485748938
zero_shot,0.6717791411042945,0.9494219653179191,0.7868263473053893
