prompt,subset_accuracy,macro_precision,macro_recall,macro_f1,micro_precision,micro_recall,micro_f1,hamming_loss
zero-shot,0.6700158646218932,0.8332422117894575,0.9260445332917463,0.8764097853004342,0.8566536203522505,0.9584017515051998,0.9046757943683803,0.13008989952406133
one-shot,0.7165520888418826,0.8713785705180978,0.9035970715230812,0.8856419666199328,0.8885169927909372,0.9444444444444444,0.9156274873971876,0.1121099947117927
few-shot,0.71602326811211,0.8709864186996706,0.9064509095948834,0.8868857620600575,0.8875481386392812,0.9460864805692392,0.9158828983971387,0.11193372113520184
